Covidence #,Study ID,Title,Reviewer Name,DOI,Trial Registry Number,Parent study DOI,Trial Phase,N randomized,N analyzed (if applicable),Target Population,Sex-specific population?,Psychedelic/Intervention Drug(s),Co-administration/Pre-treatment Drug(s),Comparator Drug,Cognitive,Drug experience questionnaires,Molecular,Neuroimaging,Physiological/Autonomic,PK/PD,Psychiatric,Functioning and well-being,Psychological process,Safety & tolerability,Sensorimotor & perception,Somatic health,Therapy process,Trial integrity,Other outcomes,What is the qualitative outcome?,Notes
39177,Ludwig 1969,A clinical study of LSD treatmnt in alcoholism,Analiese Lahey,10.1176/ajp.126.1.59,"","","",176,"",alcohol use disorder (AUD),"","","","waitlist/care as usual; Other: psychotherapy, hypnosis + psychotherapy","","","","","","","","","","","","","","","","",""
38621,Hollister 1969,A controlled comparison of lysergic acid diethylamide (LSD) and dextroamphetamine in alcoholics,Analiese Lahey,10.1176/ajp.125.10.1352,"","","",72,"",alcohol use disorder (AUD),"",LSD,"",Other: amphetamine,"","","","","","","","","","","","","","","","",""
30497,Avram 2026,Neuroplastic white matter changes in patients with major depression following lysergic acid diethylamide treatment.,Analiese Lahey,10.1016/j.xcrm.2026.102791,NCT03866252,"",2,"",35,depression,"",LSD,"",low-dose intervention drug,"",Acute,"",structural/diffusion,"","",depression,"","","","","","","","","",""
30267,Cavarra 2025,A randomised placebo-controlled study of the effects of lysergic acid diethylamide microdosing (15 μg) on pain perception in healthy volunteers.,Brooke Sevchik,10.1177/20494637251371626,"NL70508.068.19, NL-OMON55178","","",53,"",healthy volunteers,"",LSD,"","placebo (niacin, mannitol, sugar pill, etc.)","","","","","","","","","","","","","","","","",""
30267,Cavarra 2025,A randomised placebo-controlled study of the effects of lysergic acid diethylamide microdosing (15 μg) on pain perception in healthy volunteers.,Parker Singleton,10.1177/20494637251371626,NL70508.068.1; NL-OMON55178,"",Not Applicable,53,48,healthy volunteers,"",LSD,"","placebo (niacin, mannitol, sugar pill, etc.)","",Acute,"","","vitals (HR, HRV, BP, respiratory rate, temperature, etc.)",PK,"","","","",Other: pain,pain,"","","","",""
30126,Baggott 2016,MDMA Impairs Response to Water Intake in Healthy Volunteers.,Parker Singleton,10.1155/2016/2175896,"","",Unregistered,"","",healthy volunteers,"",MDMA,Other: prazosin,"placebo (niacin, mannitol, sugar pill, etc.)","","",electrolytes; hormones,"","vitals (HR, HRV, BP, respiratory rate, temperature, etc.)",PK,"","","","","","","","","","",""
30126,Baggott 2016,MDMA Impairs Response to Water Intake in Healthy Volunteers.,Madison Baltazar,10.1155/2016/2175896,"","",1,"","",healthy volunteers,"",MDMA,"","placebo (niacin, mannitol, sugar pill, etc.); Other: prazosin","","","","","","","","","","","","","","","","",""
30103,Arikci 2026,"Acute dose-dependent effects of 4-bromo-2,5-dimethoxyphenethylamine (2C-B) compared with 3,4-methylenedioxymethamphetamine (MDMA) and psilocybin in a double-blind, placebo-controlled study in healthy participants.",Parker Singleton,10.1038/s41386-026-02428-9, NCT05523401,"",1,24,"",healthy volunteers,"",2C-B; MDMA; psilocybin,"","placebo (niacin, mannitol, sugar pill, etc.); low-dose intervention drug",social cognition,Acute,"hormones; proteins (BDNF, inflammatory)","","vitals (HR, HRV, BP, respiratory rate, temperature, etc.)",PK,"","","","adverse events (structured, detailed reporting); cardiovascular safety (QTc, arrhythmia, etc)","","","",blinding,"","",""
30103,Arikci 2026,"Acute dose-dependent effects of 4-bromo-2,5-dimethoxyphenethylamine (2C-B) compared with 3,4-methylenedioxymethamphetamine (MDMA) and psilocybin in a double-blind, placebo-controlled study in healthy participants.",Analiese Lahey,10.1038/s41386-026-02428-9,NCT05523401,"",1,24,"",healthy volunteers,"",2C-B; MDMA; psilocybin,"","placebo (niacin, mannitol, sugar pill, etc.); low-dose intervention drug",social cognition,Acute,hormones,"","vitals (HR, HRV, BP, respiratory rate, temperature, etc.)",PK,"","","","adverse events (structured, detailed reporting); cardiovascular safety (QTc, arrhythmia, etc)","","","",blinding,"","",""
30081,Atila 2025,The effect of MDMA on anterior pituitary hormones: a secondary analysis of a randomized placebo-controlled trial.,Madison Baltazar,10.1530/EC-25-0254,NCT04648137,"",1,15,"",healthy volunteers,"",MDMA,"","placebo (niacin, mannitol, sugar pill, etc.)","","","","","","","","","","","","","","","","",""
30081,Atila 2025,The effect of MDMA on anterior pituitary hormones: a secondary analysis of a randomized placebo-controlled trial.,Parker Singleton,10.1530/EC-25-0254,NCT04648137,"",Not Applicable,"",15,healthy volunteers,"",MDMA,"","placebo (niacin, mannitol, sugar pill, etc.)","",Acute,hormones,"","vitals (HR, HRV, BP, respiratory rate, temperature, etc.)","","","","","","","","","","","",""
30059,Aicher 2023,"Potential therapeutic effects of an ayahuasca-inspired N,N-DMT and harmine formulation: a controlled trial in healthy subjects.",Parker Singleton,10.3389/fpsyt.2023.1302559,"","",Unregistered,37,31,healthy volunteers,male,DMT,Harmine,"placebo (niacin, mannitol, sugar pill, etc.); Other: harmine","",Acute; Persisting (PEQ; not HPPD),"","","","",general psychopathology,quality of life/well-being,"connectedness (others, self, nature, etc); insight; personality/neuroticism; psychological flexibility; Other: acceptance","","","","","",qualitative (describe),dairy reports,""
30059,Aicher 2023,"Potential therapeutic effects of an ayahuasca-inspired N,N-DMT and harmine formulation: a controlled trial in healthy subjects.",Analiese Lahey,10.3389/fpsyt.2023.1302559,NCT04716335,"",1,"",31,healthy volunteers,male,DMT,Harmine,"placebo (niacin, mannitol, sugar pill, etc.)","",Acute; Persisting (PEQ; not HPPD),"","","","",general psychopathology,quality of life/well-being,"connectedness (others, self, nature, etc); emotional processing; insight; personality/neuroticism; psychological flexibility; Other: Challenging experiences + subjective significance","","","","","",qualitative (describe),diary reports,""
30036,Aicher 2025,"Enhancing mindfulness and compassion through an ayahuasca-inspired formulation containing N,N-DMT and harmine: A randomized controlled trial in healthy subjects.",Analiese Lahey, 10.1177/02698811251344689,NCT04716335,"",1,"",31,healthy volunteers,"",DMT,Harmine,"placebo (niacin, mannitol, sugar pill, etc.)","","","","","","","",mindfulness,"compassion (others, self)","","","","","","","",""
30036,Aicher 2025,"Enhancing mindfulness and compassion through an ayahuasca-inspired formulation containing N,N-DMT and harmine: A randomized controlled trial in healthy subjects.",Madison Baltazar, 10.1177/02698811251344689,NCT04716335,"",1,31,"",healthy volunteers,"",DMT; Other: harmine,"","placebo (niacin, mannitol, sugar pill, etc.)","","","","","","","","","","","","","","","","",""
29659,Dolder 2018,Independent elevation of peripheral oxytocin concentrations and reduction in cognitive empathy during 4-fluoroamphetamine intoxication.,Analiese Lahey,10.1002/hup.2680,NTR6164,"",1,12,"",healthy volunteers,"",Other: 4‐Fluoroamphetamine ,"","placebo (niacin, mannitol, sugar pill, etc.)","","","","","","","","","","","","","","","","",""
29156,Addy 2012,Acute and post-acute behavioral and psychological effects of salvinorin A in humans.,Parker Singleton,10.1007/s00213-011-2470-6,"","",1,32,30,healthy volunteers,"",salvinorin A,"",low-dose intervention drug,"",Acute,"","","vitals (HR, HRV, BP, respiratory rate, temperature, etc.)","","","","","","","","","","","",""
29156,Addy 2012,Acute and post-acute behavioral and psychological effects of salvinorin A in humans.,Madison Baltazar,10.1007/s00213-011-2470-6,"","",Unregistered,30,30,healthy volunteers,"",salvinorin A,"",low-dose intervention drug,"",Acute,"","","vitals (HR, HRV, BP, respiratory rate, temperature, etc.)","",substance use,"","",HPPD/perceptual persistence,"","","","",qualitative (describe),interview about perceived experiences and effects ,""
29148,Addy 2015,"The subjective experience of acute, experimentally-induced Salvia divinorum inebriation.",Analiese Lahey, 10.1177/0269881115570081,"",10.1007/s00213-011-2470-6 ,Unregistered,"",30,healthy volunteers,"",salvinorin A,"","placebo (niacin, mannitol, sugar pill, etc.)","",Acute,"","","","","","","",abuse potential,"","","","",qualitative (describe),qualities of experience + perceptual alterations +cognitive-affective shifts,""
29099,Gamma 2000,"3,4-Methylenedioxymethamphetamine (MDMA) modulates cortical and limbic brain activity as measured by [H(2)(15)O]-PET in healthy humans.",Analiese Lahey,10.1016/S0893-133X(00)00130-5,"","",1,16,"",psychedelic-naïve healthy volunteers,"",MDMA,"","placebo (niacin, mannitol, sugar pill, etc.)","","","","","","","","","","","","","","","","",""
29099,Gamma 2000,"3,4-Methylenedioxymethamphetamine (MDMA) modulates cortical and limbic brain activity as measured by [H(2)(15)O]-PET in healthy humans.",Parker Singleton,10.1016/S0893-133X(00)00130-5,"","",Unregistered,16,"",psychedelic-naïve healthy volunteers,"",MDMA,"","placebo (niacin, mannitol, sugar pill, etc.)",attention/processing speed; executive function,Acute,"",PET/SPECT,"vitals (HR, HRV, BP, respiratory rate, temperature, etc.)","",general mood/affect,quality of life/well-being,"","adverse events (structured, detailed reporting)","","","","","","",""
29096,Clark 2015,Acute effects of MDMA on autonomic cardiac activity and their relation to subjective prosocial and stimulant effects.,Madison Baltazar,10.1111/psyp.12327,"","",1,33,"",healthy volunteers,"",MDMA,"","placebo (niacin, mannitol, sugar pill, etc.)","","","","","","","","","","","","","","","","",""
29093,Baggott 2010,"Investigating the mechanisms of hallucinogen-induced visions using 3,4-methylenedioxyamphetamine (MDA): a randomized controlled trial in humans.",Analiese Lahey,10.1371/journal.pone.0014074,NCT00823407,"",1,12,12,healthy volunteers,"",Other: MDA,"","placebo (niacin, mannitol, sugar pill, etc.)",Other: Object recognition,Acute,"","","vitals (HR, HRV, BP, respiratory rate, temperature, etc.)","","","","","",vison,"","","","","",""
29071,Becker 2022,"Acute Effects of Psilocybin After Escitalopram or Placebo Pretreatment in a Randomized, Double-Blind, Placebo-Controlled, Crossover Study in Healthy Subjects.",Analiese Lahey,10.1002/cpt.2487,NCT03912974,"",1,27,23,healthy volunteers,"",psilocybin,SSRI,"placebo (niacin, mannitol, sugar pill, etc.)","",Acute,"gene expression; proteins (BDNF, inflammatory)","","vitals (HR, HRV, BP, respiratory rate, temperature, etc.)",PK,"","","","adverse events (structured, detailed reporting); cardiovascular safety (QTc, arrhythmia, etc)","","","","","","",""
29010,Agurto 2020,"Detection of acute 3,4-methylenedioxymethamphetamine (MDMA) effects across protocols using automated natural language processing.",Parker Singleton,10.1038/s41386-020-0620-4,"",10.1038/npp.2014.12,Unregistered,35,31,healthy volunteers,"",MDMA,Other: oxytocin,"placebo (niacin, mannitol, sugar pill, etc.); low-dose intervention drug","","","","","","","","","","",speech (incl. NLP methods),"","","","","",""
28975,Carter 2005,Modulating the rate and rhythmicity of perceptual rivalry alternations with the mixed 5-HT2A and 5-HT1A agonist psilocybin.,Analiese Lahey,10.1038/sj.npp.1300621,"","",Unregistered,12,"",healthy volunteers,"",psilocybin,"","placebo (niacin, mannitol, sugar pill, etc.); low-dose intervention drug","",Acute,"","","vitals (HR, HRV, BP, respiratory rate, temperature, etc.)","","","","","",vison,"","","","","",""
28889,Agin-Liebes 2025,Self-compassion mediates treatment effects in MDMA-assisted therapy for posttraumatic stress disorder.,Madison Baltazar,10.1080/20008066.2025.2485513,NCT03537014,"",3,90,"",PTSD,"",MDMA,"","placebo (niacin, mannitol, sugar pill, etc.)","","","","","","","","","","","","","","","","",""
28859,CampagnoliAPS 2020,Subjective time under altered states of consciousness in ayahuasca users in shamanistic rituals involving music.,Analiese Lahey,10.1590/1414-431X20209278,"","",Unregistered,15,9,healthy volunteers,"",ayahuasca,"",low-dose intervention drug,"","","","","","","","","","",Other: Time perception ,"","","","","",""
28826,Abraham 2009,"Urinary MDMA, MDA, HMMA, and HMA excretion following controlled MDMA administration to humans.",Parker Singleton,10.1093/jat/33.8.439,"","",Unregistered,"",16,healthy volunteers,"",MDMA,"","placebo (niacin, mannitol, sugar pill, etc.); low-dose intervention drug","","","","","",PK,"","","","","","","","","","",""
28826,Abraham 2009,"Urinary MDMA, MDA, HMMA, and HMA excretion following controlled MDMA administration to humans.",Analiese Lahey,10.1093/jat/33.8.439,"",10.1097/FTD.0b013e3181684fa0 ,Unregistered,16,16,healthy volunteers,"",MDMA,"","placebo (niacin, mannitol, sugar pill, etc.); low-dose intervention drug","","","","","",PK,"","","","","","","","","","",""
28776,Bershad 2017,MDMA does not alter responses to the Trier Social Stress Test in humans.,Analiese Lahey,0.1007/s00213-017-4621-x.,"","",Unregistered,39,"",healthy volunteers,"",MDMA,"","placebo (niacin, mannitol, sugar pill, etc.); low-dose intervention drug","",Acute,hormones,"","vitals (HR, HRV, BP, respiratory rate, temperature, etc.)","","","",Other: Stress response,"cardiovascular safety (QTc, arrhythmia, etc)","","","","","","",""
28728,Gorodetzky 1964,"A comparison of 2,3-dihydro-lysergic acid diethylamide with LSD-25.",Analiese Lahey,10.1007/BF00404013,"","","",6,"",opioid use disorder,"",LSD,"","placebo (niacin, mannitol, sugar pill, etc.); Other: 2,3-LSD","","","","","","","","","","","","","","","","",""
28717,Bouso 2008,MDMA-assisted psychotherapy using low doses in a small sample of women with chronic posttraumatic stress disorder.,Analiese Lahey,10.1080/02791072.2008.10400637,"","",Unregistered,29,6,PTSD,female,MDMA,"","placebo (niacin, mannitol, sugar pill, etc.); diphenhydramine","",Acute,"","","vitals (HR, HRV, BP, respiratory rate, temperature, etc.)","",anxiety; depression; PTSD,global functioning (GAF/WHODAS); occupational/role functioning; social functioning & sociability; Other: Fear scale,Other: Self esteem,"adverse events (structured, detailed reporting)","","",therapeutic alliance,"",qualitative (describe),Semi-structured interview about sexual assault,""
28697,Bershad 2020,Preliminary Report on the Effects of a Low Dose of LSD on Resting-State Amygdala Functional Connectivity.,Analiese Lahey,10.1016/j.bpsc.2019.12.007,NCT03790358,"",1,20,"",healthy volunteers,"",LSD,"","placebo (niacin, mannitol, sugar pill, etc.)","","","","","","","","","","","","","","","","",""
28697,Bershad 2020,Preliminary Report on the Effects of a Low Dose of LSD on Resting-State Amygdala Functional Connectivity.,Parker Singleton,10.1016/j.bpsc.2019.12.007,NCT03790358,"",1,20,"",healthy volunteers,"",LSD,"","placebo (niacin, mannitol, sugar pill, etc.)","",Acute,"",resting-state fMRI; ASL,"vitals (HR, HRV, BP, respiratory rate, temperature, etc.)","",general mood/affect,"","","","","","","","","",""
28636,Dolder 2018,"Direct comparison of the acute subjective, emotional, autonomic, and endocrine effects of MDMA, methylphenidate, and modafinil in healthy subjects.",Analiese Lahey,10.1007/s00213-017-4650-5,NCT01951508,"",1,24,"",healthy volunteers,"",MDMA,"","placebo (niacin, mannitol, sugar pill, etc.); methylphenidate; Other: modafinil","","","","","","","","","","","","","","","","",""
28630,Bravermanová 2018,Psilocybin disrupts sensory and higher order cognitive processing but not pre-attentive cognitive processing-study on P300 and mismatch negativity in healthy volunteers.,Madison Baltazar,10.1007/s00213-017-4807-2,"","",1,20,"",healthy volunteers,"",psilocybin,"","placebo (niacin, mannitol, sugar pill, etc.)","","","","","","","","","","","","","","","","",""
28574,Alonso 2015,Serotonergic psychedelics temporarily modify information transfer in humans.,Madison Baltazar,10.1093/ijnp/pyv039,"","",1,10,"",healthy volunteers,"",ayahuasca,"","placebo (niacin, mannitol, sugar pill, etc.)","","","","","","","","","","","","","","","","",""
28571,Barbanoj 2008,Daytime Ayahuasca administration modulates REM and slow-wave sleep in healthy volunteers.,Madison Baltazar,10.1007/s00213-007-0963-0,"","",1,22,"",healthy volunteers,"",ayahuasca,"","placebo (niacin, mannitol, sugar pill, etc.); d-amphetamine","","","","","","","","","","","","","","","","",""
28514,Baggott 2015,Intimate insight: MDMA changes how people talk about significant others.,Analiese Lahey,10.1177/0269881115581962,"",10.1038/npp.2014.12,Unregistered,35,35,healthy volunteers,"",MDMA,"","placebo (niacin, mannitol, sugar pill, etc.)","",Acute,"","","","","","","","",speech (incl. NLP methods),"","","","","",""
28514,Baggott 2015,Intimate insight: MDMA changes how people talk about significant others.,Madison Baltazar,10.1177/0269881115581962,"","",1,35,"",healthy volunteers,"",MDMA,"","placebo (niacin, mannitol, sugar pill, etc.)","","","","","","","","","","","","","","","","",""
28451,Bershad 2019,Acute Subjective and Behavioral Effects of Microdoses of Lysergic Acid Diethylamide in Healthy Human Volunteers.,Analiese Lahey,10.1016/j.biopsych.2019.05.019,NCT03790358,"",1,20,"",healthy volunteers,"",LSD,"","placebo (niacin, mannitol, sugar pill, etc.)","","","","","","","","","","","","","","","","",""
28451,Bershad 2019,Acute Subjective and Behavioral Effects of Microdoses of Lysergic Acid Diethylamide in Healthy Human Volunteers.,Parker Singleton,10.1016/j.biopsych.2019.05.019,NCT03790358,"",1,20,"",healthy volunteers,"",LSD,"","placebo (niacin, mannitol, sugar pill, etc.)",creativity/divergent thinking; executive function; memory; social cognition,Acute,"","","vitals (HR, HRV, BP, respiratory rate, temperature, etc.)","",general mood/affect,"",emotional processing,"","","","",blinding,"","",""
28446,Borissova 2021,"Acute effects of MDMA on trust, cooperative behaviour and empathy: A double-blind, placebo-controlled experiment.",Analiese Lahey, 10.1177/0269881120926673,"",10.1016/j.biopsych.2013.12.015,Unregistered,25,"",healthy volunteers,"",MDMA,"","placebo (niacin, mannitol, sugar pill, etc.)",social cognition,Acute,"","","",PK,anxiety; depression,social functioning & sociability,"connectedness (others, self, nature, etc)","","","","","","","",""
28444,Becker 2023,"Ketanserin Reverses the Acute Response to LSD in a Randomized, Double-Blind, Placebo-Controlled, Crossover Study in Healthy Participants.",Analiese Lahey,10.1093/ijnp/pyac075,NCT04558294,"",1,26,24,healthy volunteers,"",LSD,"2a antagonist (ketanserin, etc.)","placebo (niacin, mannitol, sugar pill, etc.)","",Acute,"proteins (BDNF, inflammatory)","","vitals (HR, HRV, BP, respiratory rate, temperature, etc.)",PK,"","","","adverse events (structured, detailed reporting)","","","","","","",""
28416,Cami 2000,"Human pharmacology of 3,4-methylenedioxymethamphetamine (""ecstasy""): psychomotor performance and subjective effects.",Analiese Lahey,10.1097/00004714-200008000-00010,"",10.1016/S0022-3565(24)34877-3,Unregistered,"",8,healthy volunteers,male,MDMA,"","placebo (niacin, mannitol, sugar pill, etc.); d-amphetamine; low-dose intervention drug",attention/processing speed,Acute,genotype/pharmacogenomics,"","","","","","","",vison,"","",blinding,"","",""
28403,delaTorre 2000,Non-linear pharmacokinetics of MDMA ('ecstasy') in humans.,Analiese Lahey,10.1046/j.1365-2125.2000.00121.x,"",10.1016/S0022-3565(24)34877-3,Unregistered,8,"",healthy volunteers,male,MDMA,"","placebo (niacin, mannitol, sugar pill, etc.); d-amphetamine; low-dose intervention drug","","",genotype/pharmacogenomics,"","vitals (HR, HRV, BP, respiratory rate, temperature, etc.)",PK,"","","","","","","","","","",""
28383,Becker 2025,"Acute Effects and Pharmacokinetics of LSD after Paroxetine or Placebo Pre-Administration in a Randomized, Double-Blind, Cross-Over Phase I Trial.",Analiese Lahey,10.1002/cpt.3618,NCT05175430,"",1,"",23,healthy volunteers,"",LSD,SSRI,"placebo (niacin, mannitol, sugar pill, etc.)","",Acute,gene expression; genotype/pharmacogenomics,"","vitals (HR, HRV, BP, respiratory rate, temperature, etc.)",PK; PD,"","","","adverse events (structured, detailed reporting)","","","",blinding,"","",""
28373,Arikci 2025,"Absolute Oral Bioavailability and Bioequivalence of LSD Base and Tartrate in a Double-Blind, Placebo-Controlled, Crossover Study.",Analiese Lahey,10.1002/cpt.3726,NCT04865653,"",1,24,20,healthy volunteers,"",LSD,"","placebo (niacin, mannitol, sugar pill, etc.)","",Acute,"","","vitals (HR, HRV, BP, respiratory rate, temperature, etc.)",PK,"","","","adverse events (structured, detailed reporting)","","","",blinding,"","",""
28373,Arikci 2025,"Absolute Oral Bioavailability and Bioequivalence of LSD Base and Tartrate in a Double-Blind, Placebo-Controlled, Crossover Study.",Parker Singleton,10.1002/cpt.3726,NCT04865653,"",1,24,20,healthy volunteers,"",LSD,"","placebo (niacin, mannitol, sugar pill, etc.)","",Acute,"","","vitals (HR, HRV, BP, respiratory rate, temperature, etc.)",PK; PD,"","","","adverse events (structured, detailed reporting)","","","","","","",""
28354,deWit 2022,"Repeated low doses of LSD in healthy adults: A placebo-controlled, dose-response study.",Analiese Lahey,10.1111/adb.13143,NCT03934710,"",1,56,"",healthy volunteers,"",LSD,"","placebo (niacin, mannitol, sugar pill, etc.)","","","","","","","","","","","","","","","","",""
28350,Allen 2024,LSD increases sleep duration the night after microdosing.,Parker Singleton,10.1038/s41398-024-02900-4,ACTRN12621000436875,"",1,80,"",healthy volunteers,male,LSD,"","placebo (niacin, mannitol, sugar pill, etc.)","","","","","","","","","","","",sleep,"","","","",""
28349,delaTorre 2000,Pharmacology of MDMA in humans.,Analiese Lahey,10.1111/j.1749-6632.2000.tb05199.x,"","",Unregistered,27,"",healthy volunteers,"",MDMA,"",low-dose intervention drug,attention/processing speed,Acute,hormones,"","vitals (HR, HRV, BP, respiratory rate, temperature, etc.)",PK,"","","","cardiovascular safety (QTc, arrhythmia, etc)",vison,"","","","","",""
28321,Adamska 2023,Effect of LSD and music on the time-varying brain dynamics.,Parker Singleton,10.1007/s00213-023-06394-8,"",10.1073/pnas.1518377113,Unregistered,20,12,healthy volunteers,"",LSD,"","placebo (niacin, mannitol, sugar pill, etc.)","","","",task fMRI,"","","","","","","","","","","","",""
28321,Adamska 2023,Effect of LSD and music on the time-varying brain dynamics.,Analiese Lahey,10.1007/s00213-023-06394-8,"",10.1073/pnas.1518377113,Unregistered,"",15,healthy volunteers,"",LSD,"","placebo (niacin, mannitol, sugar pill, etc.)","","","",task fMRI; resting-state fMRI,"","","","","","","","","","","","",""
28312,Äbelö 2025,"Population pharmacokinetic-pharmacodynamic modeling of co-administered N,N-dimethyltryptamine and harmine in healthy subjects.",Analiese Lahey,10.1016/j.biopha.2025.118329,NCT05829603,"",1,16,16,healthy volunteers,"",DMT,Harmine,low-dose intervention drug,"",Acute,"","","",PK,"","","","","","","","","","",""
28312,Äbelö 2025,"Population pharmacokinetic-pharmacodynamic modeling of co-administered N,N-dimethyltryptamine and harmine in healthy subjects.",Parker Singleton,10.1016/j.biopha.2025.118329,NCT05829603,"",1,16,"",healthy volunteers,"",DMT,Harmine,low-dose intervention drug,"","","","","",PK; PD,"","","","","","","","","","",""
28308,Baggott 2019,"Effects of the Psychedelic Amphetamine MDA (3,4-Methylenedioxyamphetamine) in Healthy Volunteers.",Madison Baltazar,10.1080/02791072.2019.1593560,"","",1,12,"",healthy volunteers,"",Other: MDA,"","placebo (niacin, mannitol, sugar pill, etc.)","","","","","","","","","","","","","","","","",""
28300,Avram 2025,"Large-scale brain connectivity changes following the administration of lysergic acid diethylamide, d-amphetamine, and 3,4-methylenedioxyamphetamine.",Analiese Lahey,10.1038/s41380-024-02734-y,NCT03019822,"",1,28,25,healthy volunteers,"",LSD; MDMA,"","placebo (niacin, mannitol, sugar pill, etc.); d-amphetamine","",Acute,"",resting-state fMRI,"vitals (HR, HRV, BP, respiratory rate, temperature, etc.)","","","","","","","","","","","",""
28300,Avram 2025,"Large-scale brain connectivity changes following the administration of lysergic acid diethylamide, d-amphetamine, and 3,4-methylenedioxyamphetamine.",Madison Baltazar,10.1038/s41380-024-02734-y,"CT03019822,","",1,28,"",healthy volunteers,"",LSD; MDMA; Other: dextroamphetamine,"","placebo (niacin, mannitol, sugar pill, etc.)","","","","","","","","","","","","","","","","",""
28284,Back 2024,Psilocybin Therapy for Clinicians With Symptoms of Depression From Frontline Care During the COVID-19 Pandemic: A Randomized Clinical Trial.,Parker Singleton,10.1001/jamanetworkopen.2024.49026 ,NCT05163496,"",3,30,"",depression; Other: frontline clinicians during COVID-19 pandemic,"",psilocybin,"","placebo (niacin, mannitol, sugar pill, etc.)","","","","","","",burnout; depression; PTSD,"","","","","","",blinding,"","",""
