date,clone_count
2025-11-11,1
2025-11-12,2
2025-11-13,0
2025-11-14,2
2025-11-15,4
2025-11-16,8
2025-11-17,0
2025-11-18,4
2025-11-19,3
2025-11-20,2
2025-11-21,0
2025-11-22,1
2025-11-23,3
2025-11-24,0
2025-11-25,0
2025-11-26,0
2025-11-27,0
2025-11-28,1
2025-11-29,0
2025-11-30,1
2025-12-01,4
2025-12-02,1
2025-12-03,10
2025-12-04,0
2025-12-05,1
2025-12-06,0
2025-12-07,0
2025-12-08,0
2025-12-09,0
2025-12-10,0
2025-12-11,0
2025-12-12,0
2025-12-13,0
2025-12-14,0
2025-12-15,0
2025-12-16,0
2025-12-17,0
2025-12-18,0
2025-12-19,1
2025-12-20,0
2025-12-21,0
2025-12-22,0
2025-12-23,0
2025-12-24,0
2025-12-25,0
2025-12-26,1
2025-12-27,0
2025-12-28,0
2025-12-29,0
2025-12-30,1
2025-12-31,0
2026-01-01,0
2026-01-02,0
2026-01-03,1
2026-01-04,0
2026-01-05,0
2026-01-06,0
2026-01-07,0
2026-01-08,0
2026-01-09,1
2026-01-10,0
2026-01-11,0
2026-01-12,0
2026-01-13,0
2026-01-14,0
2026-01-15,0
2026-01-16,0
2026-01-17,0
2026-01-18,0
2026-01-19,2
2026-01-20,0
2026-01-21,1
2026-01-22,0
2026-01-23,0
2026-01-24,0
2026-01-25,1
2026-01-26,0
2026-01-27,1
2026-01-28,1
2026-01-29,0
2026-01-30,0
2026-01-31,0
2026-02-01,0
2026-02-02,0
2026-02-03,0
2026-02-04,0
2026-02-05,0
2026-02-06,0
2026-02-07,1
2026-02-08,1
2026-02-09,0
2026-02-10,0
2026-02-11,0
2026-02-12,10
2026-02-13,0
2026-02-14,0
2026-02-15,0
2026-02-16,0
2026-02-17,0
2026-02-18,2
2026-02-19,2
2026-02-20,0
